"","Longitude","Latitude","wkd_day_value","wkd_night_value","population_1000","road_class_2_300","AirQualityStationType","Countrycode"
"1",3.749458,51.295278,15.4864469273743,16.8070457902511,440.064819,0,"background","NL"
"2",3.916947,51.635556,14.6973273441886,16.8982727725236,492.45871,0,"background","NL"
"3",4.121389,51.978056,28.5770639616792,30.6000982800982,3102.089111,110.547173,"industrial","NL"
"4",4.227778,51.931944,31.3352681039249,33.0907077515648,6142.983398,0,"industrial","NL"
"5",4.289172,52.078056,23.6777397454031,26.0162354134957,19552.472656,965.71051,"background","NL"
"6",4.316125,52.075,36.301097832129,30.6981079691517,19461.841797,0,"traffic","NL"
"7",4.326953,51.911389,36.0099806843267,35.1336372501219,10618.644531,0,"traffic","NL"
"8",4.35527754,51.86610794,28.0764153548743,27.8346153846154,7604.581543,144.447342,"industrial","NL"
"9",4.360286,51.435,18.4743059805285,18.8791164658635,910.610413,0,"background","NL"
"10",4.360564,52.039722,27.3104966887418,28.0080512820514,12157.306641,0,"background","NL"
"11",4.401389,51.921111,32.0517810599478,32.9812278031456,13083.150391,0,"background","NL"
"12",4.431111,51.938056,40.4343543046357,37.4605288461539,7521.097168,0,"traffic","NL"
"13",4.45084143,51.78749847,19.1511604664076,20.5510534274193,575.486633,0,"background","NL"
"14",4.461667,51.926944,48.9234201773836,40.2101833976834,8921.310547,1139.474243,"traffic","NL"
"15",4.480289,51.915,32.8563143331487,32.2112463485881,7720.691406,25.13953,"background","NL"
"16",4.48111105,51.89111328,45.8529950083194,35.8126984126984,7972.156738,1300.583496,"traffic","NL"
"17",4.48749971,51.89389038,29.4812969663235,28.6269379844961,8095.754883,0,"background","NL"
"18",4.510286,52.298056,14.5438901220866,15.424560546875,306.152588,0,"background","NL"
"19",4.513889,51.652778,18.9024395047833,20.429653092006,187.82988,0,"background","NL"
"20",4.57472229,51.86888885,42.9251659292036,36.0051923076923,3876.730225,0,"traffic","NL"
"21",4.601922,52.463014,28.8252462707572,25.6964774951076,4523.410156,0,"industrial","NL"
"22",4.603333,52.493889,18.5060511363636,21.204377766847,4416.48291,0,"industrial","NL"
"23",4.642319,52.370511,30.9508907887479,23.9409734939759,13181.339844,1224.370483,"traffic","NL"
"24",4.708214,51.800658,24.4275808681227,23.5958172147002,7610.720703,0,"background","NL"
"25",4.715072,52.32745,24.9964066852368,24.2761904761905,654.682983,0,"background","NL"
"26",4.73,52.4,20.2119598550321,20.5702859912748,1115.037109,0,"background","NL"
"27",4.766678,52.287428,24.41595264938,21.6559012345679,3064.996582,0,"background","NL"
"28",4.77,52.43,26.9006779661017,28.5148238747554,3717.570312,417.726746,"industrial","NL"
"29",4.773589,52.333561,31.3485277777777,30.6541869522883,2810.755859,577.614929,"background","NL"
"30",4.780847,51.603333,24.3457805660928,24.540790842872,9030.53125,1563.544189,"background","NL"
"31",4.79361963,52.37888718,22.2143055555555,21.8901210653753,8741.041016,0,"background","NL"
"32",4.8166666,52.45000076,22.6600909607732,23.5886038480513,8855.042969,1121.280273,"background","NL"
"33",4.82500839,51.59360886,37.6153754266211,31.786183745583,6295.133301,1446.016357,"traffic","NL"
"34",4.832064,52.420219,31.8287587168758,31.6113326848249,8406.660156,0,"industrial","NL"
"35",4.838336,52.138889,16.6274441900401,16.9305779770802,94.827957,0,"background","NL"
"36",4.84501123,52.38111115,50.1101632882883,38.7274963108707,15104.236328,0,"traffic","NL"
"37",4.86084175,52.3758316,48.7646566164153,38.5296548371415,15662.719727,0,"traffic","NL"
"38",4.866208,52.359714,27.5739361702128,23.417999019127,15160.486328,0,"background","NL"
"39",4.87611961,52.38500214,53.8364190687362,39.7185472154963,15251.370117,0,"traffic","NL"
"40",4.88805819,52.3900032,39.7832361920622,31.1189083820662,10622.504883,1148.446167,"traffic","NL"
"41",4.9000001,52.35805511,38.6723972988183,30.0305911330049,15616.74707,702.957397,"traffic","NL"
"42",4.90500307,52.3730545,31.3344875346261,27.3552821997105,13926.317383,0,"background","NL"
"43",4.923431,51.974639,17.9528977272727,18.8808630952381,560.473755,0,"background","NL"
"44",4.94389725,52.38888931,25.4534040178571,23.2381720430107,8984.714844,0,"background","NL"
"45",4.988614,52.203056,35.5425731809311,30.5160029498525,715.780273,0,"traffic","NL"
"46",4.98889446,52.32138824,24.4917895908712,21.3509891196835,7463.692383,0,"background","NL"
"47",5.050842,52.804722,12.1550473537604,13.2792200695479,92.601936,2.238139,"background","NL"
"48",5.121114,52.068889,34.2473509252914,27.839542662116,12526.786133,0,"traffic","NL"
"49",5.125286,52.106111,31.834647534132,25.9355155155156,13195.731445,1025.328125,"traffic","NL"
"50",5.128333,52.102222,23.328289983398,22.3040977261733,13772.165039,997.213623,"background","NL"
"51",5.148903,51.519444,20.0341266741072,24.8374079528719,309.994659,0,"background","NL"
"52",5.181553,52.235083,26.8008922651933,20.672692121798,12118.663086,931.839966,"traffic","NL"
"53",5.235903,52.257361,20.5189429994466,17.686472361809,4215.5625,0,"background","NL"
"54",5.393333,51.4075,19.4779038087295,21.5138506876228,6050.736328,0,"background","NL"
"55",5.4289,51.44528,33.60234226689,26.6980369989723,4133.082031,0,"traffic","NL"
"56",5.472783,51.469722,27.0982510344828,23.3904196816208,9200.098633,0,"traffic","NL"
"57",5.57349157,52.91691589,10.3301154604337,10.0640364711681,17.729673,0,"background","NL"
"58",5.593378,52.423211,14.2909560867148,14.079793814433,148.189514,0,"background","NL"
"59",5.708619,52.1125,16.7848592715232,15.5472603406326,1502.014648,0,"background","NL"
"60",5.853614,51.541111,18.4474675137164,21.4763765903308,446.384308,572.360291,"background","NL"
"61",5.858061,51.838889,25.0779983296214,22.0903602726388,11547.980469,944.299866,"background","NL"
"62",5.858061,51.848889,37.3018762196821,27.3762437562438,8945.796875,0,"traffic","NL"
"63",5.882236,50.903056,15.4970505617978,13.9250024912805,1149.362793,0,"background","NL"
"64",5.971114,50.888056,31.0342359932088,23.4140997229917,6743.858887,0,"traffic","NL"
"65",5.986853,50.900317,17.6691502360456,17.0721109474718,4367.78418,0,"background","NL"
"66",6.018069,52.655,12.2198256296706,11.3870804369414,219.061432,0,"background","NL"
"67",6.043064,51.120278,17.8243907916901,17.9090584088621,1447.746216,0,"background","NL"
"68",6.093826,50.754729,14.5849108683151,11.541359561753,8607.976562,348.327576,"background","DE"
"69",6.09576,50.773126,59.5439533544486,31.9179631474104,12398.351562,965.848755,"traffic","DE"
"70",6.195834,51.326934,22.0906475860076,20.277763483424,3669.813477,0,"background","DE"
"71",6.277508,53.331667,8.93691514437242,8.6553933747412,127.34211,0,"background","NL"
"72",6.281008,50.653234,5.96856402877698,5.90212912764909,66.998436,0,"background","DE"
"73",6.378081,50.266547,5.5854802576309,5.42976721629484,33.352402,0,"background","DE"
"74",6.403614,52.389167,12.8838052843194,12.7399944040291,41.985432,0,"background","NL"
"75",6.439945,51.169434,35.8515444348576,27.1127898909812,8891.762695,0,"traffic","DE"
"76",6.451483,51.033834,19.4346000577534,20.1288724766125,786.653503,0,"industrial","DE"
"77",6.45889,51.16996,25.0551164127623,21.9403828940826,7625.741699,0,"traffic","DE"
"78",6.469463,51.097638,19.4396571930853,19.339000497265,2058.849121,0,"industrial","DE"
"79",6.552037,49.416884,9.13404073768236,9.68764423076925,257.482025,0,"background","DE"
"80",6.5789,53.218056,30.3093596196868,18.9031085949562,12394.3125,0,"traffic","NL"
"81",6.582205,50.927107,17.0019433907207,17.1142134547294,2658.072998,0,"industrial","DE"
"82",6.605839,52.0925,13.6979581944865,14.4756998813761,138.50145,0,"background","NL"
"83",6.608897,53.246944,12.2026593103449,10.9548789932236,3479.852295,0,"background","NL"
"84",6.629658,51.67286,22.8041171379111,23.8682001972387,5686.26416,0,"background","DE"
"85",6.646718,49.754231,36.9158523042754,23.242360576923,8361.007812,0,"traffic","DE"
"86",6.670194,51.342572,30.906348152425,31.8701439205955,5462.032227,0,"industrial","DE"
"87",6.690258,49.784023,20.4647081604425,16.5676009615384,5102.601074,0,"industrial","DE"
"88",6.704074,51.219577,33.3287145748988,28.0809154929577,8576.583984,381.087891,"background","DE"
"89",6.727486,51.460721,31.910907821229,25.1687706855792,5615.379395,0,"background","DE"
"90",6.732353,51.249214,26.1513002022536,25.9553550295858,7206.466797,0,"background","DE"
"91",6.73354,49.357861,18.2638241758242,16.2004567307692,4491.068359,0,"industrial","DE"
"92",6.735431,51.485492,33.1863816749344,34.5138656716417,8738.539062,0,"industrial","DE"
"93",6.748363,51.52403,27.6204610951009,28.2816757560734,6973.118164,0,"industrial","DE"
"94",6.753639,49.322646,21.6452386206897,19.7662112403101,3686.951416,2024.089111,"background","DE"
"95",6.771867,51.437686,41.1017527568196,35.4288322612568,9028.834961,0,"traffic","DE"
"96",6.782538,51.213166,66.6622023121388,43.1207491201609,14188.288086,1325.570679,"traffic","DE"
"97",6.819887,51.303394,27.7581089651196,27.2459662195727,5873.289062,0,"background","DE"
"98",6.863629,51.474935,58.0372223816355,39.9440495049505,9465.592773,1287.484375,"traffic","DE"
"99",6.86505,51.453459,26.959705969706,27.367455470738,9395.457031,0,"background","DE"
"100",6.867744,49.254344,21.443365976497,16.1667352941176,4655.54834,0,"background","DE"
"101",6.873818,50.876179,21.4317353453279,20.7062951956414,3553.601807,0,"industrial","DE"
"102",6.874469,51.862042,19.8884642032332,19.9135496558505,3033.947754,0,"background","DE"
"103",6.884571,51.019338,24.3205811623246,25.2907915437561,6179.833984,0,"background","DE"
"104",6.933333,52.876667,10.6058484257453,11.8927837573385,559.421448,0,"background","NL"
"105",6.948776,49.244247,25.9846483516484,17.7577355769231,8254.898438,0,"background","DE"
"106",6.957649,50.947268,48.7690834553441,37.6537474747475,11150.704102,1224.150146,"traffic","DE"
"107",6.965589,51.406846,35.9111162123387,26.9666749379652,3064.232422,0,"background","DE"
"108",6.97688,51.525955,26.8675427412344,25.5097321428571,5865.203613,0,"industrial","DE"
"109",6.980991,51.49654,28.8497337192474,28.6979129574679,11907.678711,0,"background","DE"
"110",6.985074,50.889871,31.5628094131319,26.7629635182408,6285.671387,0,"background","DE"
"111",6.987601,49.233464,28.9518543956045,27.1821009615384,9208.669922,2765.847168,"background","DE"
"112",6.990946,51.568051,37.8136334405144,37.4916281407035,7413.35791,502.758698,"traffic","DE"
"113",7.003174,49.23074,43.2462031938327,30.0456081081081,8594.02832,1113.395508,"traffic","DE"
"114",7.004605,50.962838,74.3860415464512,51.5940464426877,10910.029297,2703.794922,"traffic","DE"
"115",7.004976,51.028931,28.1092630352461,27.1728370221328,8788.561523,0,"background","DE"
"116",7.005276,51.477899,48.83136192408,36.4700299401197,10277.024414,1209.366699,"traffic","DE"
"117",7.010934,51.031473,56.9680444829579,34.8083928571428,9094.813477,0,"traffic","DE"
"118",7.030534,51.451176,43.0629343404997,31.8609045477261,11259.163086,0,"traffic","DE"
"119",7.036322,49.237227,16.6310616061606,16.082789017341,4414.874023,0,"background","DE"
"120",7.052573,51.183782,24.3090969802555,20.9815266036797,7822.632324,0,"background","DE"
"121",7.061679,49.299373,31.0226655348047,23.0846355685131,3829.208496,0,"background","DE"
"122",7.082648,50.753629,26.5996663765593,27.8913836163836,9931.679688,0,"background","DE"
"123",7.08406,51.17615,51.9195186697783,29.2275727181544,10049.450195,1276.962524,"traffic","DE"
"124",7.084555,51.527901,52.9005778164925,40.48215628091,8758.442383,1178.643311,"traffic","DE"
"125",7.101868,51.53364,27.7085963407661,26.601645320197,7541.731934,0,"background","DE"
"126",7.147378,51.260684,59.6807590948151,37.7044992672204,12220.105469,0,"traffic","DE"
"127",7.1864,51.560875,25.2516363102233,25.8500706357216,7206.106934,0,"industrial","DE"
"128",7.193411,49.740897,5.3802674839788,5.71810004810002,0,0,"background","DE"
"129",7.20726,53.36235,16.3912653879187,16.9953181076672,4709.15332,0,"background","DE"
"130",7.208546,51.403007,23.460071408169,16.4605989199804,5308.862793,0,"background","DE"
"131",7.231854,51.277613,26.675450867052,22.2888971684053,12242.03125,681.67981,"background","DE"
"132",7.293543,49.423116,7.38790931989924,7.68111003861004,226.900009,0,"background","DE"
"133",7.31747,52.49855,14.6672737368129,17.1157082228117,1672.694092,0,"background","DE"
"134",7.331409,51.641377,21.3813839930656,20.1509820538385,4453.895508,438.320282,"background","DE"
"135",7.457409,51.536893,28.8741072973751,28.5134554455446,8130.074219,1152.771851,"background","DE"
"136",7.460718,50.431439,28.8475553709856,25.0384423076923,5789.415527,0,"traffic","DE"
"137",7.46355,51.362818,59.6799376854599,37.8382346938775,8999.617188,462.463562,"traffic","DE"
"138",7.464249,51.5196,43.1401525618884,34.039871478003,9858.146484,2008.313721,"traffic","DE"
"139",7.481378,50.424685,24.0724141749723,23.3046057692308,4101.232422,0,"background","DE"
"140",7.483562,51.523543,59.1103410404624,39.628622754491,9373.052734,0,"traffic","DE"
"141",7.567969,47.819019,19.6551839464882,19.9448016072325,2800.533691,587.525879,"background","DE"
"142",7.569761,51.592208,23.5573790906458,26.0984768541563,2453.772461,0,"background","DE"
"143",7.582247,51.448797,24.7070403717688,23.7834342431762,4949.402344,0,"background","DE"
"144",7.592242,50.359373,48.7833660039204,32.464109922179,8883.285156,0,"traffic","DE"
"145",7.596633,50.354403,39.5645528002229,29.6497548076923,7121.268066,648.180969,"traffic","DE"
"146",7.611583,51.936535,19.9691252886836,19.1522321428571,9288.334961,0,"background","DE"
"147",7.614573,49.191996,18.4116,14.0748461538461,5894.044922,0,"background","DE"
"148",7.619377,51.953278,47.9604764638347,27.5475793650794,9152.232422,0,"traffic","DE"
"149",7.633271,47.588152,19.3238427216955,16.948770697441,4593.974609,630.347961,"background","DE"
"150",7.693785,51.547479,22.0551406429392,21.9245589692765,4334.291504,0,"background","DE"
"151",7.729909,50.424289,8.98798773690078,7.76345313258863,4.581027,0,"background","DE"
"152",7.764528,47.809892,4.1256926952141,3.05810196870267,0,0,"background","DE"
"153",7.7673,49.446,22.8629403528423,18.9538947876448,7186.183594,768.62915,"background","DE"
"154",7.802317,48.578178,25.3337902097902,25.5606121424988,7293.02832,0,"industrial","DE"
"155",7.826407,49.270263,5.24367300596083,5.10650519031142,0,0,"background","DE"
"156",7.832122,48.001511,20.0322172200338,18.745060483871,13219.789062,0,"background","DE"
"157",7.85992,47.9882,63.5544040011113,31.2965880582038,8283.125977,1117.826538,"traffic","DE"
"158",7.866222,49.841221,26.6724415367484,19.7739402697495,7547.065918,100.912918,"background","DE"
"159",7.908035,47.913256,2.61580788615476,1.71603852160333,22.077715,0,"background","DE"
"160",7.94257,52.99796,12.9216601671309,15.8049414893617,1026.270752,0,"industrial","DE"
"161",7.973542,50.766815,8.43332863585121,7.25604003906247,123.163193,0,"background","DE"
"162",8.04147,52.2703,53.6941772151898,34.0043190450352,7360.567383,1059.510986,"traffic","DE"
"163",8.05286,52.25534,18.9579322786567,20.06,5231.209961,0,"background","DE"
"164",8.059909,50.386426,55.7520563294974,31.3867968337731,5309.608887,1614.934814,"traffic","DE"
"165",8.060998,50.383217,23.6817848275862,22.5411920849421,5689.727539,578.718628,"background","DE"
"166",8.09059,53.59617,10.7348269123395,11.2708382590005,737.177368,0,"background","DE"
"167",8.148023,51.570675,13.3483589280337,13.5141846153846,551.638672,0,"background","DE"
"168",8.191907,50.930329,6.23587108013938,5.44780187284377,0,0,"background","DE"
"169",8.212084,53.142836,59.8479960541151,32.4472497308934,8166.495605,0,"traffic","DE"
"170",8.216803,50.01755,23.4465660799107,23.3801827801828,9628.692383,0,"background","DE"
"171",8.220214,48.773072,17.5650558659218,16.2369346733668,3667.582275,1051.986572,"background","DE"
"172",8.228865,50.072119,61.3274456372145,36.6220721153846,11963.982422,1954.544434,"traffic","DE"
"173",8.230316,50.077191,61.4664378274057,34.4690567853706,12683.524414,1189.549805,"traffic","DE"
"174",8.244949,50.050343,29.7105205177638,28.6821885521885,9835.047852,0,"background","DE"
"175",8.253538,49.052284,18.442843219159,19.5183076923077,2218.354004,0,"background","DE"
"176",8.261131,50.001026,57.2475346260388,37.6609134615385,11899.463867,1892.065308,"traffic","DE"
"177",8.2658,50.00987,40.0215942430114,34.196840328027,8977.09082,733.278625,"traffic","DE"
"178",8.268996,49.998837,49.9045687711386,35.2789318961294,10669.570312,0,"traffic","DE"
"179",8.273979,49.995016,37.5265097493035,29.7590240384616,10443.462891,0,"background","DE"
"180",8.3553,49.5333,36.1833970099668,29.2264134615385,6617.741699,0,"traffic","DE"
"181",8.355628,49.028594,22.0802848366378,25.0644934804413,10426.015625,853.36554,"background","DE"
"182",8.360797,51.442993,13.6990433526012,12.2471031746032,2895.302979,0,"industrial","DE"
"183",8.3649,49.6287,28.5941465468838,27.315886627907,6955.717285,0,"traffic","DE"
"184",8.38719,49.00796,46.6010053057805,32.5473393574297,11391.333008,1567.815918,"traffic","DE"
"185",8.39062,48.22915,46.0455919395466,25.3778223783241,2186.610107,639.374207,"traffic","DE"
"186",8.402331,49.514959,22.4559824710207,23.5293891625616,6257.058594,0,"background","DE"
"187",8.40666,49.07655,21.6122659960883,21.4994987468672,1707.02832,0,"background","DE"
"188",8.423,49.351124,27.7392619311875,28.6396201923077,4309.21875,0,"background","DE"
"189",8.425897,49.455508,32.9232616587545,30.0768388030888,7563.546875,0,"industrial","DE"
"190",8.44385,49.478498,52.2859695173583,37.6337633885103,7994.13916,1463.414551,"traffic","DE"
"191",8.446079,50.221941,8.01007709251101,6.02438672438671,0.87423,0,"background","DE"
"192",8.451527,50.010325,28.2952484041078,30.7957945736435,5840.260742,0,"background","DE"
"193",8.463597,48.048656,13.6009762900976,14.7403956272775,4773.789062,0,"background","DE"
"194",8.465281,49.544078,25.6871918390479,29.3577608142494,7187.772461,0,"industrial","DE"
"195",8.47204,49.49256,50.6303790412486,38.8004016064258,8837.760742,1440.457031,"traffic","DE"
"196",8.500619,50.567185,31.2198115299335,25.3992129406084,5964.605469,0,"background","DE"
"197",8.516798,49.825165,16.108446039194,19.2420656370656,342.784729,0,"background","DE"
"198",8.52628,49.00371,47.2127267652804,26.1635725037632,4697.904297,887.507324,"traffic","DE"
"199",8.542517,50.10175,41.8056104972378,35.7879413179414,13055.738281,0,"background","DE"
"200",8.548362,52.023155,25.0678765147144,21.3769165417292,9341.079102,0,"background","DE"
"201",8.55279,52.00562,40.6345630227863,25.2342699448069,6911.95752,1226.885132,"traffic","DE"
"202",8.569405,53.562455,21.7315469146239,19.5991861042184,7126.034668,0,"background","DE"
"203",8.576305,50.075464,26.9136786188579,20.98252042007,1078.498779,0,"background","DE"
"204",8.59876,53.585262,44.4972511061946,28.9853034682081,5804.671387,2089.727539,"traffic","DE"
"205",8.625456,53.180946,21.0791933701657,19.1378581765557,7141.869141,0,"background","DE"
"206",8.642,49.643238,42.2845326716293,22.3305105973025,5533.736328,1103.043457,"traffic","DE"
"207",8.653745,49.869457,71.468387985671,30.6837999037999,10777.483398,933.05072,"traffic","DE"
"208",8.664619,49.872303,24.6499476439791,21.3884175084175,9714.639648,1303.088623,"background","DE"
"209",8.665536,48.889039,26.5915921787709,20.0780230807827,8295.123047,770.324829,"background","DE"
"210",8.668579,50.584108,50.0041917656812,33.7368542568542,7897.505371,0,"traffic","DE"
"211",8.6767,49.419528,27.9210320781032,21.285406218656,11270.106445,1182.356689,"background","DE"
"212",8.684397,50.532965,17.3561135611907,18.1456806156806,1823.688477,0,"background","DE"
"213",8.691911,50.124589,55.0789536167863,38.6867307692307,13883.28125,1217.530762,"traffic","DE"
"214",8.69506,53.1177,14.4716966509825,15.6403415103415,2902.218018,0,"industrial","DE"
"215",8.700103,49.300731,18.4146952407459,17.6214177978884,4456.328613,0,"background","DE"
"216",8.735047,53.124561,22.2265070971333,22.048347868217,8099.931641,764.017456,"background","DE"
"217",8.746343,50.125332,36.9460597675706,32.160805984556,13662.230469,1234.26062,"background","DE"
"218",8.769324,50.804258,22.2158241455347,22.7442560386473,7762.611816,0,"background","DE"
"219",8.770508,50.807167,43.841075508498,26.6636474609375,7509.402832,0,"traffic","DE"
"220",8.784892,50.101494,43.5784549237171,34.0390439401255,12103.579102,910.90918,"traffic","DE"
"221",8.80122,53.83017,11.2990313627533,11.5450770047796,37.432949,0,"background","DE"
"222",8.81578,53.077151,24.0304292084727,22.6016448326056,8700.46875,1080.074707,"background","DE"
"223",8.817251,49.653465,8.67009095920618,8.09042348411935,2.127847,0,"background","DE"
"224",8.825173,53.078663,48.4430831248263,29.9221487603306,8624.753906,1803.461182,"traffic","DE"
"225",8.904442,48.645608,14.9761398601399,14.6686559679037,5459.619141,0,"background","DE"
"226",8.916966,53.060045,24.9284472222223,24.341551807229,6926.541992,907.290222,"background","DE"
"227",8.92157,50.13577,27.8517768595042,26.5566778846154,7733.027344,0,"background","DE"
"228",8.928171,51.430897,8.98790572960767,9.70864785992216,32.510735,0,"background","DE"
"229",9.001981,49.672507,17.0057367984517,16.0046993210475,6587.485352,966.879517,"background","DE"
"230",9.01652,48.80102,52.590947075209,33.8399799095931,8516.989258,0,"traffic","DE"
"231",9.031754,51.154843,6.94612222222223,6.39932104752668,0,0,"background","DE"
"232",9.051178,48.507703,22.1690868472494,20.5980421686747,8210.798828,0,"background","DE"
"233",9.05802,48.52023,60.6295574728639,35.6602712204922,10304.136719,0,"traffic","DE"
"234",9.06255,52.17017,14.3430846047157,15.2676380042463,1029.724854,332.444153,"background","DE"
"235",9.117973,49.991518,29.309972474539,34.5885233285234,3103.449707,0,"background","DE"
"236",9.156908,53.896117,25.4165440973183,23.8108626506024,1365.179932,0,"background","DE"
"237",9.169289,47.664361,22.7979671400723,20.0775931520644,11301.493164,0,"background","DE"
"238",9.171544,49.869422,18.6922522026432,16.0210678210678,2791.253174,0,"background","DE"
"239",9.172792,48.899233,24.8652924791087,28.2849874055416,10211.824219,0,"background","DE"
"240",9.18072,48.78313,63.3215143894943,45.6945308580029,15227.310547,2363.525635,"traffic","DE"
"241",9.18449,48.76871,82.2488300835655,52.1151028600101,12534.925781,1190.468018,"traffic","DE"
"242",9.19003,48.8892,62.0874999999997,40.453236327145,10970.051758,25.037563,"traffic","DE"
"243",9.19101,48.7881,85.1384098544235,60.089979859013,14281.874023,1474.601807,"traffic","DE"
"244",9.20732,48.488887,27.1810532181666,23.4894129453086,10986.999023,1020.062866,"background","DE"
"245",9.207639,48.345778,6.63525,6.85555555555555,441.283905,0,"background","DE"
"246",9.21079,48.48933,74.1132385730213,43.2779227295534,10867.807617,1267.898682,"traffic","DE"
"247",9.224786,49.165508,26.9941176470588,28.3800909550278,6149.914062,1193.697021,"background","DE"
"248",9.22589,49.146,71.0036201615149,35.885750125439,8951.617188,1809.541138,"traffic","DE"
"249",9.227769,48.678069,27.7942689404529,29.7136979427998,6685.592285,0,"background","DE"
"250",9.229745,48.8088,30.9977951437343,30.9817452357071,13862.97168,0,"background","DE"
"251",9.271233,51.360755,9.65793399889073,7.76177411536597,5.0327,0,"background","DE"
"252",9.363674,54.616669,8.8796526772793,10.1639167935058,802.901001,0,"background","DE"
"253",9.399441,50.16443,7.832517212889,7.71336538461539,89.218399,0,"background","DE"
"254",9.43809,54.78143,39.0476269315674,22.6467501203659,7395.445801,1292.826416,"traffic","DE"
"255",9.459402,50.770381,8.75063706563707,8.68474747474748,1.278863,0,"background","DE"
"256",9.483397,51.314248,22.1093895671476,22.3736587723538,10648.02832,0,"background","DE"
"257",9.485675,47.660056,25.4292213229138,21.4489468405216,8919.766602,0,"background","DE"
"258",9.49112,51.312076,48.1892371705963,29.2633333333333,8460.613281,554.702271,"traffic","DE"
"259",9.511769,53.928028,43.453886111111,25.9228911564626,5196.421875,398.164764,"traffic","DE"
"260",9.55462,51.70884,9.02829322887521,8.26647751605995,1.702309,0,"background","DE"
"261",9.62295,52.82943,12.917152058247,13.1135706638116,515.075317,0,"background","DE"
"262",9.657919,49.634841,14.5058873002523,13.9517884130982,2347.528564,0,"background","DE"
"263",9.680167,50.546384,21.6558779679735,22.1886479961371,7621.101562,176.467896,"background","DE"
"264",9.684854,50.550028,48.1672888396566,29.9222355769231,8011.608887,615.652161,"traffic","DE"
"265",9.68503,53.52418,13.333757273483,14.2160265251989,1463.313843,0,"background","DE"
"266",9.688869,47.557473,29.9261152467604,18.7039230769231,4748.713867,0,"traffic","DE"
"267",9.70612,52.36292,19.1633333333333,20.180350132626,9130.702148,0,"background","DE"
"268",9.7155,52.359478,54.0736171983356,36.6745281018028,9133.419922,1276.26416,"traffic","DE"
"269",9.733231,49.107878,20.1354473386183,19.4861381074169,4308.438965,0,"background","DE"
"270",9.774588,51.291757,6.84731768650462,6.45420233463035,0,0,"background","DE"
"271",9.786234,53.568124,26.2855631399317,23.1333714285714,1753.469971,0,"background","DE"
"272",9.80026,50.970024,17.7924089403974,14.7296538461538,3595.4375,0,"background","DE"
"273",9.800325,48.089886,16.9567756356524,17.8606927710843,5111.735352,0,"background","DE"
"274",9.832702,53.532075,16.4439414040907,18.3263378248316,1938.21814,0,"industrial","DE"
"275",9.84408,53.535958,19.1022668142818,19.38518999519,5894.815918,0,"industrial","DE"
"276",9.857223,53.480927,13.6030066445183,13.9360202117421,3817.010986,0,"background","DE"
"277",9.92833,51.5302,45.7902838063439,30.8146613333333,8978.402344,0,"traffic","DE"
"278",9.935862,50.497711,5.77654696132597,5.34322115384615,260.642609,0,"background","DE"
"279",9.943012,53.555668,56.2986459489455,34.1370769230769,11926.546875,0,"traffic","DE"
"280",9.94458,53.564399,52.0114807639081,37.5228221153846,11877.316406,974.823364,"traffic","DE"
"281",9.944815,53.545269,30.8579130916136,30.9087199230029,7915.828125,0,"background","DE"
"282",9.947654,49.790526,47.4446305563734,31.2719743589743,9352.365234,1195.562622,"traffic","DE"
"283",9.94976,51.55107,17.1788300526754,15.1582652519894,5842.581543,0,"background","DE"
"284",9.95642,49.804695,26.7143204018979,23.5338506304559,6662.240234,0,"background","DE"
"285",9.957236,53.560632,58.7976475477973,40.128792107796,11936.925781,650.814697,"traffic","DE"
"286",9.967882,53.56414,26.8955761551625,26.4017620927937,11650.365234,0,"background","DE"
"287",9.979031,48.396836,29.4467629897194,27.5814257028112,10698.750977,773.766174,"background","DE"
"288",9.981599,53.529158,37.6318383167221,33.737,9864.749023,0,"background","DE"
"289",9.990569,53.50793,26.4888179800222,26.8442657679345,9616.549805,0,"background","DE"
"290",9.997256,53.681993,48.554335355764,30.6561330761813,7273.066406,912.760498,"traffic","DE"
"291",9.998009,53.638291,23.4041806958473,20.5562133072407,6029.381836,0,"background","DE"
"292",10.008293,48.397079,30.7119565217391,30.438485576923,8092.588379,0,"background","DE"
"293",10.021227,53.523262,36.0815480578395,32.5063743842365,9418.500977,0,"industrial","DE"
"294",10.053859,53.592301,74.5628432462479,42.8987741312741,10419.620117,1437.363037,"traffic","DE"
"295",10.081685,53.52902,26.5235514277793,27.5514864864865,11167.110352,360.046448,"industrial","DE"
"296",10.096292,48.847917,20.8472844344905,22.1213494461229,6023.230957,0,"background","DE"
"297",10.1056,54.34761,14.5262998921252,12.3782109227872,5701.375488,0,"background","DE"
"298",10.110595,53.63074,18.0536172566371,16.3344444444444,7083.783203,0,"background","DE"
"299",10.116563,54.309674,17.6194653349002,15.9746114519428,9490.582031,0,"background","DE"
"300",10.122364,54.304242,70.0830699339207,43.7124432641236,8503.613281,91.572922,"traffic","DE"
"301",10.135158,54.304676,52.6885698478561,28.8481610868511,9510.4375,0,"traffic","DE"
"302",10.232076,50.048397,27.0334481808159,20.0500144230769,7108.483398,596.247131,"background","DE"
"303",10.23854,51.50758,11.7824282129914,12.1498703403566,2388.451416,0,"background","DE"
"304",10.240596,54.09323,9.05645643153525,10.0937728585178,30.356827,0,"background","DE"
"305",10.306561,47.72514,22.0723367318821,19.6016201923077,9700.816406,783.383606,"background","DE"
"306",10.317236,50.978292,14.4191987801498,14.8109519230769,6845.911133,0,"background","DE"
"307",10.325,49.44406,11.7267939393939,13.4334801061008,714.065186,0,"background","DE"
"308",10.375299,50.561754,9.24968245125345,9.99574271844659,2048.062012,0,"background","DE"
"309",10.404232,47.518013,8.24313379310344,5.20084175084169,505.814514,318.563416,"background","DE"
"310",10.42275,51.61365,25.6238003892133,20.0631796502385,1480.593506,0,"traffic","DE"
"311",10.448432,51.205226,32.0151853901495,20.9752048192771,5404.589355,728.587219,"traffic","DE"
"312",10.450997,51.207944,16.3283841463415,15.0408028846154,5670.100098,377.635742,"background","DE"
"313",10.45591,52.15369,17.1179948950653,16.49454004329,760.539917,597.231384,"industrial","DE"
"314",10.4565,53.24696,17.2743088071349,17.8066025641025,4648.95459,0,"background","DE"
"315",10.47364,52.22694,13.9516263552961,15.0650715421304,1770.977661,0,"background","DE"
"316",10.48132,51.90158,11.2912486126526,8.74660818713451,4050.921631,607.905212,"background","DE"
"317",10.54055,52.26673,42.4878938547486,26.4496223404256,7634.504883,1204.13623,"traffic","DE"
"318",10.572297,49.304889,37.9901656086116,27.3900673076924,5584.28125,1232.179932,"traffic","DE"
"319",10.59772,48.95218,14.3276731301939,17.6974276061776,1954.408691,0,"background","DE"
"320",10.61248,51.75816,6.01426978818283,5.64773554603855,137.055222,0,"background","DE"
"321",10.618275,51.798629,3.92305169538632,3.61659287776709,113.31015,0,"background","DE"
"322",10.664881,53.87453,37.7016056182869,27.5348237566393,7801.808594,923.886475,"traffic","DE"
"323",10.668641,50.653245,14.8813779745435,16.2929278846154,2884.032471,469.429688,"background","DE"
"324",10.67332,53.862237,30.7043663911846,24.2294318728936,7598.662598,905.108826,"traffic","DE"
"325",10.693092,50.61153,34.5699143882905,22.4414326923077,5739.228516,0,"traffic","DE"
"326",10.695936,53.835492,13.8068011049724,13.949364773821,4227.26416,0,"background","DE"
"327",10.756733,52.800773,6.52877223680373,7.39640791476407,4.249076,0,"background","DE"
"328",10.769534,50.654066,5.08033509700176,4.24549472626822,440.404358,0,"background","DE"
"329",10.775796,53.698939,42.0406451612904,24.685860058309,1856.230225,838.910767,"traffic","DE"
"330",10.787135,50.619181,5.08033509700176,4.24549472626822,0,0,"background","DE"
"331",10.790143,51.839382,14.4393394648829,13.4779643888354,6079.508789,783.127441,"background","DE"
"332",10.791404,51.497195,18.2206844001108,15.5395320791124,5701.510742,1220.187256,"background","DE"
"333",10.793683,52.427886,39.1093040089087,25.2422062732589,6161.026855,0,"traffic","DE"
"334",10.81638,52.44081,19.2387877110435,18.6114581124072,2688.38208,1160.368652,"background","DE"
"335",10.867188,51.333333,6.10552449487955,5.88589225589221,43.901199,0,"background","DE"
"336",10.887686,49.89833,24.7401515151515,24.0905384615385,8204.317383,0,"background","DE"
"337",10.88837,48.376576,27.5086705202312,25.280885466795,12109.986328,0,"background","DE"
"338",10.895029,48.364589,30.8537572254335,25.8389375,12498.239258,0,"traffic","DE"
"339",10.896221,48.370237,55.8810353395912,31.0705288461539,12419.18457,0,"traffic","DE"
"340",10.903051,48.326013,18.2300249169435,20.5776767676768,9037.571289,0,"background","DE"
"341",10.963528,49.605914,17.7775075820237,20.4594693680656,2928.781982,0,"background","DE"
"342",11.019353,50.984874,41.3160926966291,27.1503857421875,8800.542969,0,"traffic","DE"
"343",11.0248,49.462229,30.2646539840089,31.2088894230769,10541.351562,1082.63269,"background","DE"
"344",11.02792,49.32273,22.3372160970231,23.7760086872587,7157.429199,0,"background","DE"
"345",11.036096,49.440478,51.8015465631929,37.9936196911198,10243.369141,1187.583496,"traffic","DE"
"346",11.037924,50.979455,22.4946716541979,18.0178990384616,9983.62207,0,"background","DE"
"347",11.043386,51.662435,4.74091364902507,4.3795187680462,0,0,"background","DE"
"348",11.056578,50.993127,13.2046400885936,15.7839519230769,4769.069336,0,"background","DE"
"349",11.05722,47.47706,10.7642127071823,9.96969215969215,1703.302368,0,"background","DE"
"350",11.057442,51.896982,13.0796013381656,14.2792515692902,5506.963379,398.503357,"background","DE"
"351",11.088444,49.44591,36.2131551391568,33.0405721153846,11753.626953,0,"traffic","DE"
"352",11.134593,50.499955,5.91626422425749,5.52413475521078,1602.181396,0,"background","DE"
"353",11.16705,52.95702,10.030657055725,10.7707324840765,711.452515,507.186493,"background","DE"
"354",11.172327,52.593136,6.4860408974723,6.99329082883766,2.275148,0,"background","DE"
"355",11.220172,47.968753,7.88200996677741,6.67477316602318,212.52182,0,"background","DE"
"356",11.321017,50.982185,17.1244111942367,18.2562193362193,10429.876953,0,"background","DE"
"357",11.32607,50.977462,27.0534608985025,20.3539442039443,8208.073242,0,"traffic","DE"
"358",11.362965,53.302352,6.0193860619469,6.69856648541768,209.867035,0,"background","DE"
"359",11.368875,50.651182,14.7001049723757,14.155165945166,5513.749023,473.714966,"background","DE"
"360",11.398332,53.631805,22.8827310344827,15.2387714987715,7098.518555,0,"traffic","DE"
"361",11.428766,48.769444,27.6366905286343,24.1028365384615,7810.61084,0,"traffic","DE"
"362",11.442591,50.103135,22.5849391929243,21.5734749034749,6206.163086,999.115723,"background","DE"
"363",11.449471,51.759516,33.5224283727399,21.4449423076923,4398.276855,997.694336,"traffic","DE"
"364",11.46445,48.18169,26.6203082851638,25.1725673076923,12510.926758,0,"background","DE"
"365",11.536513,48.149606,96.399710024855,58.9142548076923,20015.480469,1180.036743,"traffic","DE"
"366",11.554669,48.154534,35.6210731975784,30.5760240384615,19995.363281,0,"background","DE"
"367",11.564924,48.137252,64.7227750275028,40.2092596153847,20335.248047,0,"traffic","DE"
"368",11.570088,49.943637,33.9081474323578,24.5383413461539,9338.841797,0,"traffic","DE"
"369",11.597062,50.933513,16.2964843965756,18.0228715728716,11152.55957,565.990723,"background","DE"
"370",11.611464,52.127899,17.7264247984431,20.6438773539353,8307.742188,0,"background","DE"
"371",11.631919,52.131742,31.7481987232861,24.5642829550942,8198.713867,0,"traffic","DE"
"372",11.632669,52.12076,43.7449499722069,27.2483156881617,6139.872559,0,"traffic","DE"
"373",11.661233,50.791616,6.00925988225393,5.92168656716412,0.346697,0,"background","DE"
"374",11.73846,52.99875,8.65034693311129,9.57628696073677,2732.209473,0,"background","DE"
"375",11.738962,51.803534,19.9093175487465,18.7144069431051,3702.894775,0,"background","DE"
"376",11.777818,48.853211,11.7288963024743,12.2600971817298,184.440063,0,"background","DE"
"377",11.850274,52.602056,10.4366657350475,12.2765463414634,4513.749512,0,"background","DE"
"378",11.864763,52.268354,12.1161098717234,15.5841698841699,2901.661133,538.405884,"background","DE"
"379",11.879245,48.909518,24.0827377998346,18.0515480769231,2167.551514,0,"traffic","DE"
"380",11.891412,51.837306,9.10781564245808,10.7764694564695,201.250565,0,"background","DE"
"381",11.897492,50.320611,17.021606060606,18.8364567307692,4864.391602,903.454651,"background","DE"
"382",11.948795,48.904228,21.0474014436424,18.6513565891473,608.84613,580.134949,"background","DE"
"383",11.96096,51.197249,19.3604988789238,13.5117624148004,4366.507812,623.691528,"traffic","DE"
"384",11.979056,51.496185,17.1528312412831,18.6856661856662,8686.03418,1122.669556,"background","DE"
"385",11.981314,51.494756,54.8891106774463,35.5878412391093,8750.183594,1217.088379,"traffic","DE"
"386",11.983406,51.475164,31.6206915196357,23.79961994077,10893.487305,2401.99585,"traffic","DE"
"387",12.032141,51.321364,12.6209541130386,14.1357398452611,762.639832,0,"industrial","DE"
"388",12.064708,53.817775,6.80520919922417,7.29935226706527,238.234268,0,"background","DE"
"389",12.0749,50.877923,17.09832132964,16.8389807692308,7174.613281,0,"background","DE"
"390",12.080003,54.17133,12.7699641774594,12.1057158119658,6050.561035,534.934998,"background","DE"
"391",12.09792,54.17729,17.8687569060773,17.0375548245614,3645.725098,0,"industrial","DE"
"392",12.099553,54.09262,35.3496273806239,20.546449704142,7697.42627,1064.011841,"traffic","DE"
"393",12.101557,49.015245,48.6177056874654,33.1656565656566,8270.904297,0,"traffic","DE"
"394",12.128139,49.321955,20.9443010456797,20.4141346153847,1864.918213,0,"background","DE"
"395",12.138054,50.486138,26.7298606077502,18.4364123611782,7525.935547,1328.074707,"traffic","DE"
"396",12.141994,54.092278,44.9661764705884,24.9040021929825,5596.776855,591.924072,"traffic","DE"
"397",12.157051,48.539801,31.9460242959691,24.9367211538462,7565.385742,0,"traffic","DE"
"398",12.159361,49.67895,26.6540066042927,24.5878269230769,5705.979004,0,"background","DE"
"399",12.174105,54.161555,10.4958471760798,11.3991550695825,148.514313,0,"background","DE"
"400",12.175512,53.78175,8.92293046357613,7.53206333498267,3073.144043,0,"background","DE"
"401",12.188324,47.648459,39.4400330305534,30.3940817307692,1016.000854,0,"traffic","DE"
"402",12.205199,50.655861,15.625240077713,15.4481153846154,5817.40625,663.025391,"background","DE"
"403",12.211112,50.608136,8.69377869986169,9.40398076923077,211.681,0,"background","DE"
"404",12.244764,51.840576,21.5807407407407,16.393645983646,5998.451172,0,"traffic","DE"
"405",12.297411,51.317905,15.8323550624133,16.1455019305019,9169.855469,0,"background","DE"
"406",12.302866,51.651166,14.6203090445138,15.8897642436149,2216.404053,0,"industrial","DE"
"407",12.334686,51.335872,46.4428824343017,29.0699807692308,10738.094727,865.399536,"traffic","DE"
"408",12.377163,51.344164,49.0204220234769,31.5723333333333,12926.804688,1358.831787,"traffic","DE"
"409",12.437621,50.987758,20.3964927857936,17.1786245173746,7053.145996,0,"background","DE"
"410",12.463929,53.396348,6.46126350789691,7.09057255676208,12.439863,0,"background","DE"
"411",12.468739,50.354783,13.7343338907469,10.2540503875969,2118.650391,580.208252,"background","DE"
"412",12.486621,50.720405,29.6753942254304,23.0285611164582,7699.113281,1743.846313,"traffic","DE"
"413",12.493056,51.125,22.5676498335183,18.1102180232558,4627.115723,586.325317,"traffic","DE"
"414",12.538174,48.021657,18.5406774993115,18.3069759615384,2230.202637,437.290955,"background","DE"
"415",12.542056,50.826001,22.7683125173466,20.1071077959577,6022.87793,0,"background","DE"
"416",12.548376,52.409309,31.0982484164142,21.3811063011063,5260.117676,0,"traffic","DE"
"417",12.548869,49.438464,6.71046831955924,6.8970939759036,57.587662,0,"background","DE"
"418",12.552303,52.420442,12.7950280112045,14.031092519685,4551.613281,0,"background","DE"
"419",12.561389,52.194225,6.5844209078404,7.2639027911453,0,0,"background","DE"
"420",12.59827,51.867471,38.5550306577482,22.5923605769231,3654.587402,606.650635,"traffic","DE"
"421",12.663663,51.870852,11.7748800223214,12.9351828681424,3959.291016,0,"background","DE"
"422",12.721938,54.436985,5.05921227917753,5.48071500503525,98.53302,0,"background","DE"
"423",12.781387,48.182835,14.4044904722452,15.8869483341381,567.671021,0,"background","DE"
"424",12.809481,52.93189,19.0183526170799,16.5992307692307,3614.61499,597.057251,"background","DE"
"425",12.829314,48.177175,23.8664618352162,21.3332548076923,4024.370605,125.914352,"background","DE"
"426",12.885194,52.608609,10.687932837875,12.0972836538461,2859.515381,715.200073,"background","DE"
"427",12.903367,50.84574,46.1115380344255,31.816687590536,5604.003418,594.745361,"traffic","DE"
"428",12.959368,50.85519,16.5424536652835,12.4945865384615,3517.588867,543.564453,"background","DE"
"429",12.997278,50.570872,21.7297420249653,17.8028088803088,3964.96167,696.600464,"background","DE"
"430",13.009406,51.303772,8.82551560758083,9.16153883495146,64.874031,0,"background","DE"
"431",13.031662,53.141303,4.34497896634615,4.54232124874119,12.836886,0,"background","DE"
"432",13.037474,52.393932,43.5981985698569,26.504531024531,6936.237793,585.587524,"traffic","DE"
"433",13.059945,52.401352,15.913165150262,15.7738676967648,11879.232422,0,"background","DE"
"434",13.08101,54.31923,21.4491866556383,15.160989010989,4775.990234,0,"traffic","DE"
"435",13.094618,52.388869,40.7637534397358,28.8407696007696,8933.116211,0,"traffic","DE"
"436",13.123698,52.484168,14.523129476584,13.0296055796056,1655.182983,0,"background","DE"
"437",13.225144,52.473192,12.0853448275862,12.8080019305019,170.498169,0,"background","DE"
"438",13.26644,53.559784,23.0104230024883,17.0598811292719,7320.771973,1222.283081,"traffic","DE"
"439",13.296081,52.653269,12.2156619483764,12.2387214389888,733.717896,363.9823,"background","DE"
"440",13.31825,52.463611,55.5079440288168,37.4603137065636,16666.847656,0,"traffic","DE"
"441",13.332972,52.5066,54.2535153867481,34.2890043290044,15318.691406,0,"traffic","DE"
"442",13.342138,54.323514,4.37851810893006,4.59709072978304,561.276611,0,"background","DE"
"443",13.346826,50.9163,25.844660005551,21.8447715247715,7927.483398,611.094482,"background","DE"
"444",13.348775,52.485814,25.8657916551534,24.2435192307692,17020.146484,1012.954224,"background","DE"
"445",13.349326,52.543041,30.4611197989388,28.922084178499,15696.333984,0,"background","DE"
"446",13.368103,52.398406,13.1621849903074,15.2323151280812,5352.165039,0,"background","DE"
"447",13.38772,52.438115,57.6827413554634,37.3561923076922,13278.775391,1753.668457,"traffic","DE"
"448",13.418833,52.513606,30.1563018242123,24.9089893617022,17266.199219,0,"background","DE"
"449",13.420573,48.947611,4.83420036210018,4.05919708029197,0,0,"background","DE"
"450",13.422039,48.573629,37.4412513751376,29.8058894230769,4328.963867,1580.67688,"background","DE"
"451",13.424304,52.349703,14.7499752543305,17.3721057692308,2221.649658,0,"background","DE"
"452",13.430844,52.489451,28.2284033379694,25.9723460979156,15929.411133,0,"background","DE"
"453",13.433967,52.481709,62.1594905869322,36.5499182692308,15886.973633,0,"traffic","DE"
"454",13.441654,52.467534,58.3331260364844,39.8414148219442,15811.603516,0,"traffic","DE"
"455",13.465078,50.659097,7.84316363636363,8.37360233349538,90.850372,0,"background","DE"
"456",13.469931,52.514072,50.0737368128819,36.1792155919152,16867.804688,1166.112915,"traffic","DE"
"457",13.483079,52.644169,14.9798456701915,14.2071739130434,2405.391846,0,"background","DE"
"458",13.526796,51.462734,11.8671645081289,13.1816305916306,2294.375977,1078.366943,"background","DE"
"459",13.529504,52.485296,21.5387794076944,20.473010130246,14040.620117,0,"background","DE"
"460",13.582269,52.677651,28.9060831268924,21.5848942307692,4811.056152,0,"traffic","DE"
"461",13.64705,52.447697,13.1522699214366,13.9832247081712,3030.452148,0,"background","DE"
"462",13.675005,51.119514,12.878342112559,13.0610625,1256.110596,0,"background","DE"
"463",13.730205,51.036105,20.0353852573018,18.3808143480369,11521.09668,1071.989014,"background","DE"
"464",13.731608,51.026294,51.5836383866481,28.397645923782,9130.411133,1285.567871,"traffic","DE"
"465",13.741397,51.06493,35.0470824053451,24.9693895348837,11001.90918,1818.895752,"traffic","DE"
"466",13.75145,50.731478,7.20166805903649,7.07454633204633,120.288773,0,"background","DE"
"467",13.822211,52.832467,28.040871254162,18.1402378640777,3330.250977,602.875183,"traffic","DE"
"468",13.84825,52.481882,22.5709647188533,16.8963701923077,809.265015,0,"traffic","DE"
"469",14.015252,52.563835,9.03495311638168,10.1031842231842,117.365601,0,"background","DE"
"470",14.057064,51.897598,6.3715617198335,6.48414444983032,0,0,"background","DE"
"471",14.257407,53.520456,6.52478370080938,7.10109289617486,76.204575,0,"background","DE"
"472",14.285139,53.064262,9.49950977692092,8.1189027911453,2975.166748,467.482849,"industrial","DE"
"473",14.327998,51.756593,37.3283508287293,22.8175374939526,8801.382812,0,"traffic","DE"
"474",14.33447,51.746848,14.0255118326913,14.3320163618864,7483.016602,1538.323608,"background","DE"
"475",14.3764,51.5645,10.4039646604086,9.25982591876209,2443.815186,0,"background","DE"
"476",14.443771,51.175669,15.6899665738161,14.2002666020359,5706.721191,608.00354,"background","DE"
"477",14.52596,52.33468,12.1764295599225,14.4294978271367,4768.505371,0,"background","DE"
"478",14.538595,52.337336,40.5581008820287,27.0734471153846,5849.279785,1207.796387,"traffic","DE"
"479",14.638166,52.146264,10.0182075991189,9.6137085137085,3346.761475,973.863159,"industrial","DE"
"480",14.749731,51.285356,8.34335388063884,9.19425971470733,349.389618,0,"background","DE"
"481",14.822846,50.892377,13.5426929530201,13.0434367426079,3215.750977,0,"background","DE"
"482",14.973958,51.155801,27.5612840466926,18.5447107039538,7664.15625,0,"traffic","DE"
